ID,ID2,"Item title","Final URL","Image URL","Item subtitle","Item description","Item category",Price
404,3051,"Túi xách nữ da bò Kamicy 404",http://kacana.vn/san-pham/tui-xach-nu-da-bo-kamicy-404--404--3051,http://image.kacana.vn/images/product/tui-xach-nu-da-bo-kamicy-404-1514845682.jpg,"Túi xách nữ da bò Kamicy 404","Túi xách nữ da bò Kamicy 404 hàng hiệu giá rẻ, da thật cao cấp, thời trang hàn quốc nhỏ gọn, đeo chéo được. Túi đẹp dự tiệc hay đến công sở đều phù hợp.",,"1,399,000 VND"
1754,2527,"Túi xách nữ công sở Cannci 1754",http://kacana.vn/san-pham/tui-xach-nu-cong-so-cannci-1754--1754--2527,http://image.kacana.vn/images/product/tui-xach-nu-cong-so-cannci-1754-1514878833.jpg,"Túi xách nữ công sở Cannci 1754","Túi xách nữ công sở Cannci 1754 size lớn, xách tay rất đẹp, chất da cao cấp, đây là mẫu túi hàng hiệu giá rẻ mà chị em luôn săn đón năm qua.",,"580,000 VND"
1768,3108,"Túi xách nữ cao cấp Ting 1768",http://kacana.vn/san-pham/tui-xach-nu-cao-cap-ting-1768--1768--3108,http://image.kacana.vn/images/product/Túi%20xách%20hàn%20quốc%20cao%20cấp%20Ting%20W1768%201489995628.jpg,"Túi xách nữ cao cấp Ting 1768","Túi xách nữ cao cấp thời trang hàn quốc Ting 1768 thiết kế mới lạ, đẹp tinh tế, là phụ kiện thân thiết đến công sở, dự tiệc, đi chơi dạo phố hay du lịch xa.",,"985,000 VND"
1774,2196,"Bóp cầm tay nữ hàng hiệu Junlan 1774",http://kacana.vn/san-pham/bop-cam-tay-nu-hang-hieu-junlan-1774--1774--2196,http://image.kacana.vn/images/product/Bóp%20cầm%20tay%20nữ%20hàng%20hiệu%20Junlan%20W1774%201489659038.jpg,"Bóp cầm tay nữ hàng hiệu Junlan 1774","Bóp cầm tay nữ hàng hiệu Junlan 1774 là mẫu ví nữ da thật cao cấp, gam màu đen sang trọng, hàng hiệu giá rẻ, thiết kế thời trang rất đẹp và tinh tế.",,"990,000 VND"
1814,2196,"Ví da nữ cao cấp XMO 1814",http://kacana.vn/san-pham/vi-da-nu-cao-cap-xmo-1814--1814--2196,http://image.kacana.vn/images/product/vi-da-nu-cao-cap-xmo-1814-1514892633.jpg,"Ví da nữ cao cấp XMO 1814","Ví da nữ cao cấp XMO 1814 sản xuất từ da bò thật, thiết kế đẹp, thời trang sang trọng, cầm tay nhỏ gọn, ví có nhiều ngăn để đựng tiền, thẻ ATM...",,"800,000 VND"
1824,2876,"Ba lô nữ mini D.Dore 1824",http://kacana.vn/san-pham/ba-lo-nu-mini-ddore-1824--1824--2876,http://image.kacana.vn/images/product/Balo%20nữ%20mini%20D.Dore%20W1824%201489511557.jpg,"Ba lô nữ mini D.Dore 1824","Thỉnh thoảng bạn nên làm mới mình với Ba lô nữ mini D.Dore 1824, tạo một hình ảnh mới trẻ trung, tươi vui hơn. Bạn sẽ thấy thật tự tin và thoải mái dù đi đến bất kỳ đâu với chiếc Ba lô nữ mini D.Dore 1824. Ba lô nữ mini D.Dore 1824 kiểu dáng mini siêu nhỏ, chất liệu da cao cấp, chuẩn phom dáng, hoàn hảo trên từng góc cạnh.",,"550,000 VND"
1832,2878,"Balo nữ dễ thương Northbag 1832",http://kacana.vn/san-pham/balo-nu-de-thuong-northbag-1832--1832--2878,http://image.kacana.vn/images/product/Balo%20nữ%20dễ%20thương%20Northbag%20W1832%201489508733.jpg,"Balo nữ dễ thương Northbag 1832","Balo nữ dễ thương Northbag 1832 là mẫu balo được dự đoán sẽ thống trị khắp các nẻo đường street style trong năm 2017. Balo nữ dễ thương Northbag 1832 kết hợp cùng những bộ trang phục mềm mai nữ tính chính là lựa chọn hợp lý nhất cho bạn khi cần gợi ý phối đồ. Balo với chi tiết hai nơ tua ấn tượng. Hiện đại, tinh tế và cực kỳ có gu là những mỹ từ có thể nói đến về Balo nữ dễ thương Northbag 1832 này. Cứ ngỡ chiếc balo chỉ gắn liền với lớp thiếu niên đến trường, nhưng Balo nữ dễ thương Northbag 1832 là một dòng túi đeo đáng chú ý vì sự tiên dụng kết hợp cả thẩm mỹ, một điều không phải lúc nào cũng gặp trong thế giới thời trang hiện nay.",,"650,000 VND"
1833,387,"Balo laptop hàng hiệu YOK 1833",http://kacana.vn/san-pham/balo-laptop-hang-hieu-yok-1833--1833--387,http://image.kacana.vn/images/product/balo-laptop-hang-hieu-yok-1833-1512541239.jpg,"Balo laptop hàng hiệu YOK 1833","Balo laptop hàng hiệu YOK 1833 ý tưởng thiết kế lấy từ cảm hứng những doanh nhân thành đạt kết hợp cùng phong cách thường ngày năng động. Balo laptop hàng hiệu YOK 1833 gắn kết những người thân xung quanh bạn, hãy dành tặng chiếc balo này cho ông xã bạn, tặng đồng nghiệp hay bạn bè, quà tặng sếp và những người bạn kính trọng...",,"1,320,000 VND"
1838,2455,"Ví nữ ngắn hàn quốc XMO 1838",http://kacana.vn/san-pham/vi-nu-ngan-han-quoc-xmo-1838--1838--2455,http://image.kacana.vn/images/product/ví%20nữ%20ngắn%20hàn%20quốc%20da%20bò%20khoá%20bấm%20ngang%20retro%20XMO%20W1838%201489468417.jpg,"Ví nữ ngắn hàn quốc XMO 1838","Ví nữ ngắn hàn quốc XMO 1838 nhỏ nhắn, xinh xắn với nhiều màu sắc chọn lựa. Ví nữ ngắn hàn quốc XMO 1838 chất liệu da bò cao cấp, bóng đẹp, dùng càng lâu ví càng đẹp. Nếu không thích ví dài hãy thử ngay chiếc ví nhỏ xinh này.",,"800,000 VND"
1842,2453,"Túi xách cho bé Bug House 1842",http://kacana.vn/san-pham/tui-xach-cho-be-bug-house-1842--1842--2453,http://image.kacana.vn/images/product/Túi%20xách%20cho%20bé%20gái%20Bug%20House%20W1842%201488913875.jpg,"Túi xách cho bé Bug House 1842","Túi xách cho bé Bug House 1842 kiểu dáng dễ thương, màu sắc sinh động phù hợp tâm lý các bé nhỏ. Túi xách cho bé Bug House 1842 chất liệu cotton thiên nhiên an toàn cho da bé, túi cũng dễ dàng giặt sạch. Sẽ rất hợp cho bé diện Tết này nha.",,"300,000 VND"
1844,664,"Ví nữ mini XMO 1844",http://kacana.vn/san-pham/vi-nu-mini-xmo-1844--1844--664,http://image.kacana.vn/images/product/vi-nu-mini-xmo-1844-1512680924.jpg,"Ví nữ mini XMO 1844","Ví nữ mini XMO 1844 sử dụng chất da bò nhập khẩu, đảm bảo bền đẹp theo thời gian. Ví nữ mini XMO 1844 nhỏ gọn, có thể nằm gọn một góc trong túi xách mini của bạn, hoặc bỏ túi áo khoác, thậm chí là túi quần short jeans của bạn nhé.",,"600,000 VND"
1855,664,"Túi xách đẹp hàng hiệu Yakou 1855",http://kacana.vn/san-pham/tui-xach-dep-hang-hieu-yakou-1855--1855--664,http://image.kacana.vn/images/product/tui-xach-dep-hang-hieu-yakou-1855-1512684666.jpg,"Túi xách đẹp hàng hiệu Yakou 1855","Túi xách đẹp hàng hiệu Yakou 1855 sử dụng nguyên liệu nhập khẩu cao cấp, với đặc tính dẻo dai và mềm mịn. Túi xách đẹp hàng hiệu Yakou 1855 thiết kế lòng túi rộng rãi tiện dụng, chia làm ba ngăn chính với ba khoá kéo riêng biệt. Bạn sẽ hài lòng ngày khi nhìn thấy mẫu Túi xách đẹp hàng hiệu Yakou 1855.",,"950,000 VND"
1891,2882,"Balo chống trộm Mixi 1891",http://kacana.vn/san-pham/balo-chong-trom-mixi-1891--1891--2882,http://image.kacana.vn/images/product/Balo%20chống%20trộm%20Mixi%20W1891%201488617166.jpg,"Balo chống trộm Mixi 1891","Balo chống trộm Mixi 1891 thiết kế thần kỳ hệ thống mở độc nhất với khoá kéo được giấu sâu bên trong balo.  Thêm nữa, sự kết hợp giữa độ dày và sự nhẹ nhàng của chất liệu giúp bảo vệ balo khỏi sự đè nén hoặc chém rách từ bên ngoài.",,"1,500,000 VND"
1909,664,"Túi đeo chéo nữ nhỏ giá rẻ Northbag 1909",http://kacana.vn/san-pham/tui-deo-cheo-nu-nho-gia-re-northbag-1909--1909--664,http://image.kacana.vn/images/product/tui-deo-cheo-nu-nho-gia-re-northbag-1909-1512700041.jpg,"Túi đeo chéo nữ nhỏ giá rẻ Northbag 1909","Túi đeo chéo nữ nhỏ giá rẻ Northbag 1909 thiết kế tối giản, nhỏ gọn, cho bạn phong cách trẻ trung, năng động. Túi đeo chéo nữ nhỏ giá rẻ Northbag 1909 được gia công tỉ mỉ, đường may chắc chắn, cách đều nhau.",,"290,000 VND"
1911,664,"Túi xách nữ cỡ lớn D.Dore 1911",http://kacana.vn/san-pham/tui-xach-nu-co-lon-ddore-1911--1911--664,http://image.kacana.vn/images/product/tui-xach-nu-co-lon-ddore-1911-1512713852.jpg,"Túi xách nữ cỡ lớn D.Dore 1911","Túi xách nữ cỡ lớn D.Dore 1911 là mẫu thiết kế dung tích lớn để bạn thoải mái chứa mọi thứ bên trong. Túi xách nữ cỡ lớn D.Dore 1911 tiện dụng phụ nữ nào cũng cần, việc mix túi xách nữ loại lớn cũng rất dễ, phù hợp với hầu hết các trang phục.",,"450,000 VND"
1912,664,"Túi đeo chéo nhỏ xinh Northbag 1912 ",http://kacana.vn/san-pham/tui-deo-cheo-nho-xinh-northbag-1912--1912--664,http://image.kacana.vn/images/product/tui-deo-cheo-nho-xinh-northbag-1912-1512714860.jpg,"Túi đeo chéo nhỏ xinh Northbag 1912 ","Túi đeo chéo nhỏ xinh Northbag 1912 kiểu dáng nhỏ gọn, chất da dày dặn, chống trầy và chịu ma sát cao. Túi đeo chéo nhỏ xinh Northbag 1912 đường may đều đẹp, phom dáng chuẩn đẹp.",,"290,000 VND"
1921,687,"Ví nam da bò Tucano 1921",http://kacana.vn/san-pham/vi-nam-da-bo-tucano-1921--1921--687,http://image.kacana.vn/images/product/vi-nam-da-bo-tucano-1921-1512714707.jpg,"Ví nam da bò Tucano 1921","Ví nam da bò Tucano 1921 có cả kiểu ngang và kiểu đứng với thiết kế đơn giản nhưng sang trọng và thời trang, thích hợp với nhiều phong cách. Ví nam da bò Tucano chất liệu da bò nhập khẩu mềm mại, dẻo dai, bền bỉ.",,"1,150,000 VND"
1922,442,"Balo da nam hàn quốc Jianmu 1922",http://kacana.vn/san-pham/balo-da-nam-han-quoc-jianmu-1922--1922--442,http://image.kacana.vn/images/product/balo-da-nam-han-quoc-jianmu-1922-1512859845.jpg,"Balo da nam hàn quốc Jianmu 1922","Balo da nam hàn quốc Jianmu 1922 hướng đến sự đơn giản, thời trang cổ điển với những cải tiến chất liệu da. Balo da nam hàn quốc Jianmu 1922 thiết kế tinh tế, nhẹ nhàng, trẻ trung, đúng nghĩa là sản phẩm thời trang được nhiều người yêu thích.",,"800,000 VND"
1923,2762,"Balo 1 quai đeo chéo Jianmu 1923",http://kacana.vn/san-pham/balo-1-quai-deo-cheo-jianmu-1923--1923--2762,http://image.kacana.vn/images/product/balo-1-quai-deo-cheo-jianmu-1923-1512891645.jpg,"Balo 1 quai đeo chéo Jianmu 1923","Balo 1 quai đeo chéo Jianmu 1923 thiết kế đa năng, cấu trúc ngăn được thiết kế hợp lí đảm bảo đựng được đầy đủ các vật dụng cần thiết cho bạn. Balo 1 quai đeo chéo Jianmu 1923 có thể thay đổi cách đeo tùy theo sở thích của bạn.",,"860,000 VND"
1927,398,"Balo 1 quai chéo Jianmu 1927",http://kacana.vn/san-pham/balo-1-quai-cheo-jianmu-1927--1927--398,http://image.kacana.vn/images/product/balo-1-quai-cheo-jianmu-1927-1512939838.jpg,"Balo 1 quai chéo Jianmu 1927","Túi xách nam đeo chéo hàng hiệu Jane Mu 1927 phiên bản balo thể thao đủ để tạo sự hấp dẫn, nam tính cho riêng bạn.",,"900,000 VND"
1930,433,"Túi xách nam công sở Demodun 1930",http://kacana.vn/san-pham/tui-xach-nam-cong-so-demodun-1930--1930--433,http://image.kacana.vn/images/product/tui-xach-nam-cong-so-demodun-1930-1512945325.jpg,"Túi xách nam công sở Demodun 1930","Túi xách nam công sở Demodun 1930 ý tưởng thiết kế lấy từ cảm hứng những nam doanh nhân thành đạt, kết hợp cùng phong cách thường ngày năng động. Túi xách nam công sở Demodun 1930 hoàn hảo từng góc nhìn, logo sắc nét, đường may tỉ mỉ và phụ kiện lắp đặt cao cấp.",,"1,500,000 VND"
1933,433,"Túi xách nam đeo chéo Demodun 1933",http://kacana.vn/san-pham/tui-xach-nam-deo-cheo-demodun-1933--1933--433,http://image.kacana.vn/images/product/tui-xach-nam-deo-cheo-demodun-1933-1512963557.jpg,"Túi xách nam đeo chéo Demodun 1933","Túi xách nam đeo chéo Demodun 1933 là người bạn đồng hành thân thiết hàng ngày từ công sở đến dạo phố... Túi xách nam đeo chéo Demodun 1933 là sản phẩm túi nam uy tín, chất lượng và chính hãng.",,"860,000 VND"
1945,435,"Cặp da nam công sở YOK 1945",http://kacana.vn/san-pham/cap-da-nam-cong-so-yok-1945--1945--435,http://image.kacana.vn/images/product/cap-da-nam-cong-so-yok-1945-1512973916.jpg,"Cặp da nam công sở YOK 1945","Cặp da nam công sở YOK 1945 sử dụng chất liệu da cao cấp, bền, đẹp hơn so với các chất da thông thường. Cặp da nam công sở YOK 1945 kiểu dáng đơn giản nhưng khí chất, thời thượng tạo nên thương hiệu. Cặp da nam công sở YOK 1945 sử dụng chất liệu hợp kim cao cấp, bóng sáng, chắc khoẻ, tuổi thọ cao.",,"1,300,000 VND"
1960,2759,"Balo đeo chéo thể thao Yok 1960",http://kacana.vn/san-pham/balo-deo-cheo-the-thao-yok-1960--1960--2759,http://image.kacana.vn/images/product/balo-deo-cheo-the-thao-yok-1960-1512977439.jpg,"Balo đeo chéo thể thao Yok 1960","Balo đeo chéo thể thao Yok 1960 gia công chế tác tỉ mỉ, tạo nên phong cách nam thương nhân lịch lãm, thành đạt. Balo đeo chéo thể thao Yok 1960 sản phẩm được đề cử làm quà tặng vô cùng đặc biệt cho người đàn ông bạn trân trọng.",,"1,150,000 VND"
1961,2835,"Balo đeo chéo 1 dây Yok 1961",http://kacana.vn/san-pham/balo-deo-cheo-1-day-yok-1961--1961--2835,http://image.kacana.vn/images/product/balo-deo-cheo-1-day-yok-1961-1513007814.jpg,"Balo đeo chéo 1 dây Yok 1961","Balo đeo chéo 1 dây Yok 1961 là sự tổng hoà hoàn mỹ các thiết kế balo trên thế giới, phong cách thiết kế đơn giản, hấp dẫn các nam thnah niên. Balo đeo chéo 1 dây Yok 1961 kiểu dáng phóng khoáng, thoải mái, tự do tự tại đến từng chi tiết. Balo đeo chéo 1 dây Yok 1961 thiết kế bên trong rộng rãi, đựng được nhiều vật dụng cá nhân, có thể vừa máy tính 10 inch.",,"1,100,000 VND"
1964,2177,"Túi đeo chéo tua rua HLN 1964",http://kacana.vn/san-pham/tui-deo-cheo-tua-rua-hln-1964--1964--2177,http://image.kacana.vn/images/product/tui-deo-cheo-tua-rua-hln-1964-1513032262.jpg,"Túi đeo chéo tua rua HLN 1964","Túi đeo chéo tua rua HLN 1964 không cần phô trương, đẹp đến từ cốt lõi, đơn giản và tự nhiên. Túi đeo chéo tua rua HLN 1964 sử dụng chất liệu da cao cấp, khẳng định chất lượng sản phẩm, gia công tinh tế đến từng chi tiết.",,"880,000 VND"
1965,687,"Bóp da nam cao cấp Yok 1965",http://kacana.vn/san-pham/bop-da-nam-cao-cap-yok-1965--1965--687,http://image.kacana.vn/images/product/bop-da-nam-cao-cap-yok-1965-1513064700.jpg,"Bóp da nam cao cấp Yok 1965","Bóp da nam cao cấp Yok 1965 phong cách Hàn Quốc, sử dụng da cao cấp không gãy gập, chống thấm nước. Bóp da nam cao cấp Yok 1965 thích hợp đi làm, công tác, làm quà tặng cho người thân, người yêu, đồng nghiệp.",,"800,000 VND"
1968,387,"Túi da nam công sở YOK 1968",http://kacana.vn/san-pham/tui-da-nam-cong-so-yok-1968--1968--387,http://image.kacana.vn/images/product/tui-da-nam-cong-so-yok-1968-1513070292.jpg,"Túi da nam công sở YOK 1968","Túi da nam công sở Yok 1968 đây chính là sự thoải mái mà thời trang mang lại. Túi da nam công sở Yok 1968 lựa chọn chất liệu kỹ lưỡng, gia công tinh tế sẽ không làm bạn thất vọng từ kiểu dáng đến chất lượng.",,"1,300,000 VND"
1974,664,"Balo vải dù nữ cao cấp Northbag 1974",http://kacana.vn/san-pham/balo-vai-du-nu-cao-cap-northbag-1974--1974--664,http://image.kacana.vn/images/product/Balo%20vải%20dù%20nữ%20cao%20cấp%20Northbag%201974%201490283169.jpg,"Balo vải dù nữ cao cấp Northbag 1974","Balo vải dù nữ cao cấp Northbag 1974 kiểu dáng đơn giản, nhã nhặn, dung lượng chứa lớn. Balo vải dù nữ cao cấp Northbag 1974 đem lại cho bạn vẻ ngoài thời thượng cá tính đầy mê hoặc.",,"680,000 VND"
1976,664,"Balo thời trang da dù trơn mịn Northbag 1976",http://kacana.vn/san-pham/balo-thoi-trang-da-du-tron-min-northbag-1976--1976--664,http://image.kacana.vn/images/product/Balo%20thời%20trang%20đẹp%20Northbag%201976%201493825248.jpg,"Balo thời trang da dù trơn mịn Northbag 1976","Mẫu balo thời trang da dù trơn mịn Northbag 1976 hứa hẹn sẽ là làn gió mới cho các tín đồ thời trang phong cách. Balo thời trang da dù trơn mịn Northbag 1976 thiết kế năng động, đơn giản, tính ứng dụng cao và gây hiệu ứng thị giác bắt mắt. Mẫu balo thời trang da dù trơn mịn Northbag 1976 này đơn giản, phù hợp với hầu hết mọi loại trang phục. Với chất da dù trơn mịn, có thể nói đây là mẫu balo đi mưa có thể làm xiêu lòng bất cứ ai. Balo thời trang da dù trơn mịn Northbag 1976 gây ấn tượng bởi đường nét đơn giản, vô cùng thanh lịch, phù hợp nhiều phong cách. Bạn còn chần chừ gì mà không đón một em Balo vải dù thời trang 1976 này về nữa chứ?",,"600,000 VND"
1978,387,"Túi xách nam hàn quốc CB 1978",http://kacana.vn/san-pham/tui-xach-nam-han-quoc-cb-1978--1978--387,http://image.kacana.vn/images/product/tui-xach-nam-han-quoc-cb-1978-1513140293.jpg,"Túi xách nam hàn quốc CB 1978","Túi xách nam hàn quốc CB 1978 kiểu dáng trang nhã, tinh tế cùng những đường may chắc chắn, là món phụ kiện lý tưởng dành cho những chàng doanh nhân trẻ hiện đại. Túi xách nam hàn quốc CB 1978 sử dụng chất liệu cao cấp, chú trọng đến từng chi tiết,  dùng bền, cho người mua yên tâm sử dụng.",,"800,000 VND"
1987,2608,"Balo nữ hàn quốc ZYA 1987",http://kacana.vn/san-pham/balo-nu-han-quoc-zya-1987--1987--2608,http://image.kacana.vn/images/product/balo-nu-han-quoc-zya-1987-1513178339.jpg,"Balo nữ hàn quốc ZYA 1987","Balo nữ hàn quốc ZYA 1987 là sự lựa chọn của các tín đồ thời trang yêu thời thượng. Balo nữ hàn quốc ZYA 1987 phong cách đầy sức sống của nhịp sống nhanh thời hiện đại. Balo nữ hàn quốc ZYA 1987 có thể đeo chéo tuỳ theo cách đeo của bạn.",,"490,000 VND"
1992,2453,"Túi đeo ngang bụng cho bé Bug House 1992",http://kacana.vn/san-pham/tui-deo-ngang-bung-cho-be-bug-house-1992--1992--2453,http://image.kacana.vn/images/product/tui-deo-ngang-bung-cho-be-bug-house-1992-1513180408.jpg,"Túi đeo ngang bụng cho bé Bug House 1992","Túi đeo ngang bụng cho bé Bug House 1992 nhẹ nhàng hơn rất nhiều và vô cùng an toàn cho bé do chất vải cotton 100% từ bông gòn thiên nhiên. Túi đeo ngang bụng cho bé Bug House 1992 từng chi tiết đều được làm sinh động, hài hoà từ thiết kế đến màu sắc kích thích thị giác bé yêu nhà bạn.",,"290,000 VND"
1993,2453,"Balo cho bé mầm non Bug House 1993",http://kacana.vn/san-pham/balo-cho-be-mam-non-bug-house-1993--1993--2453,http://image.kacana.vn/images/product/balo-cho-be-mam-non-bug-house-1993-1505804288.jpg,"Balo cho bé mầm non Bug House 1993","Balo cho bé mầm non Bug House 1993 chất cotton thân thiện môi trường, an toàn cho da và thấm hút thoáng khi, không lo lưng bé sẽ bị nóng ẩm nhé. Balo cho bé mầm non Bug House 1993 mang đến cho mẹ một gợi ý nho nhỏ để trở thành món quà vô cùng ý nghĩa mà mẹ có thể dành tặng cho bé. Bạn đang cần Balo trẻ em tphcm thì hãy đến KaCaNa nhé.",,"450,000 VND"
1994,2756,"Balo 1 quai chéo cho bé Bug House 1994",http://kacana.vn/san-pham/balo-1-quai-cheo-cho-be-bug-house-1994--1994--2756,http://image.kacana.vn/images/product/balo-1-quai-cheo-cho-be-bug-house-1994-1505802085.jpg,"Balo 1 quai chéo cho bé Bug House 1994","Balo 1 quai chéo cho bé Bug House 1994 với chất cotton tự nhiên, nhẹ nhàng cho bé mang xách, an toàn cho da, thân thiện với môi trường.",,"550,000 VND"
1998,664,"Ví nữ cầm tay Yakou 1998",http://kacana.vn/san-pham/vi-nu-cam-tay-yakou-1998--1998--664,http://image.kacana.vn/images/product/vi-nu-cam-tay-yakou-1998-1513181603.jpg,"Ví nữ cầm tay Yakou 1998","Ví nữ cầm tay Yakou 1998 nét đẹp quý phái mang vẻ đẹp huyền bí, toả sáng với thiết kế sáng tạo mới. Ví nữ cầm tay Yakou 1998 là món quà mà bất kỳ ai cũng muốn được sở hữu, dành tặng cho chính bạn, tặng cho bạn bè, chị em gái hoặc người yêu...",,"880,000 VND"
1999,664,"Túi hến mini D.Dore 1999",http://kacana.vn/san-pham/tui-hen-mini-ddore-1999--1999--664,http://image.kacana.vn/images/product/tui-hen-mini-ddore-1999-1505750501.jpg,"Túi hến mini D.Dore 1999","Túi hến mini D.Dore 1999 chất lượng da cao cấp, thiết kế dáng túi nhỏ gọn mà tinh tế. Túi hến mini D.Dore 1999 dễ mix đồ, dễ bảo quản đảm bảo sử dụng bền lâu.",,"700,000 VND"
2003,664,"Balo vải dù nữ D.Dore 2003",http://kacana.vn/san-pham/balo-vai-du-nu-ddore-2003--2003--664,http://image.kacana.vn/images/product/Balo%20vải%20dù%20nữ%20D.Dore%202003%201505724269.jpg,"Balo vải dù nữ D.Dore 2003","Balo vải dù nữ D.Dore 2003 miệng rút dây, kiểu dáng đơn giản, phù hợp cho nhiều hoàn cảnh: đi học, đi làm, đi chơi... Balo vải dù nữ D.Dore 2003 kiểu dáng nhỏ nhắn, thiết kế nhiều ngăn, bố trí khoa học, cho phép đựng đủ các vật dụng cần thiết.",,"680,000 VND"
2021,664,"Túi xách nữ khoá chốt móng ngựa Northbag 2021",http://kacana.vn/san-pham/tui-xach-nu-khoa-chot-mong-ngua-northbag-2021--2021--664,http://image.kacana.vn/images/product/Túi%20xách%20nữ%20khoá%20chốt%20móng%20ngựa%20Northbag%202021%201505719008.jpg,"Túi xách nữ khoá chốt móng ngựa Northbag 2021","Túi xách nữ khoá chốt móng ngựa Northbag 2021 xếp vào bộ sưu tập túi xách kacana với phong cách đơn giản mang đậm sự hoang dã cá tính. Túi xách nữ khoá chốt móng ngựa Northbag 2021 sử dụng chất liệu da cao cấp, phụ kiện móc khoá ngũ kim mạ điện sáng bóng.",,"290,000 VND"
2026,3183,"Túi trống nữ da mềm Ali 2026",http://kacana.vn/san-pham/tui-trong-nu-da-mem-ali-2026--2026--3183,http://image.kacana.vn/images/product/Túi%20trống%20da%20mềm%20Ali%202026%201505716434.jpg,"Túi trống nữ da mềm Ali 2026","Túi trống nữ da mềm Ali 2026 mang tinh thần dịu nhẹ từ thiên nhiên, đem đến vẻ mềm mại, thanh lịch cho mọi phong cách. Túi xách nữ dạng trống 2026 cỡ to vừa phải như ý bạn, vừa tiện dụng khi nó được làm từ chất da cực kỳ mềm, có thể thoải mái bỏ cốp xe, hay cuộn tròn trong một góc vali của bạn.",,"820,000 VND"
2028,2196,"Ví cầm tay nữ Yako 2028",http://kacana.vn/san-pham/vi-cam-tay-nu-yako-2028--2028--2196,http://image.kacana.vn/images/product/Ví%20cầm%20tay%20nữ%20Yako%202028%201505637754.jpg,"Ví cầm tay nữ Yako 2028","Ví cầm tay nữ cao cấp 2028 kết hợp hài hoà phong cách tinh tế với trình độ thủ công chuyên nghiệp mang lại nét thanh lịch cho người sử dụng. Ví cầm tay nữ cao cấp 2028 bắt mắt với hoạ tiết da trăn sang trọng dành cho những buổi hẹn hò lãng mạn.",,"950,000 VND"
2033,2453,"Balo nữ Bansusu 2033",http://kacana.vn/san-pham/balo-nu-bansusu-2033--2033--2453,http://image.kacana.vn/images/product/Balo%20nữ%20Bansusu%202033%201505634598.jpg,"Balo nữ Bansusu 2033","Balo nữ hàn quốc 2033 da mềm óng ánh, vừa có khả năng chứa tất tần tật các món đồ. Balo nữ hàn quốc 2033 mang đến phong cách sành điệu cho các bạn.",,"290,000 VND"
2053,387,"Ví nam Jiluo 2053",http://kacana.vn/san-pham/vi-nam-jiluo-2053--2053--387,http://image.kacana.vn/images/product/Ví%20nam%20Jiluo%202053%201505631384.jpg,"Ví nam Jiluo 2053","Ví nam Jiluo 2053 tính thẩm mỹ kết hợp với chất da PU chịu ma sát, thiết kế các ngăn khoa học, tiện dụng, dễ dàng thao tác, mép ví may chỉ ngay ngắn, đều đặn.",,"290,000 VND"
2057,387,"Balo đeo chéo nam YOK 2057",http://kacana.vn/san-pham/balo-deo-cheo-nam-yok-2057--2057--387,http://image.kacana.vn/images/product/Balo%20đeo%20chéo%20nam%20YOK%202057%201505553493.jpg,"Balo đeo chéo nam YOK 2057","Balo đeo chéo nam YOK 2057 chiếc túi khiến ai cũng phải ngoái nhìn, hứa hẹn là một món đồ không thể thiếu trong tủ đồ của mỗi chàng trai. Balo đeo chéo nam YOK 2057 thời thượng, thịnh hành mang lại cuộc sống bạn nhiều điều thú vị.",,"950,000 VND"
2060,2931,"Balo chống trộm phiên bản balo đeo chéo ngực một quai MIXI 2060",http://kacana.vn/san-pham/balo-chong-trom-phien-ban-balo-deo-cheo-nguc-mot-quai-mixi-2060--2060--2931,http://image.kacana.vn/images/product/Balo%20chống%20trộm%20phiên%20bản%20balo%20đeo%20chéo%20ngực%20một%20quai%20MIXI%202060%201496040258.jpg,"Balo chống trộm phiên bản balo đeo chéo ngực một quai MIXI 2060","Balo chống trộm phiên bản balo đeo chéo ngực một quai MIXI 2060 chất liệu vải cao cấp, đường may tỉ mỉ, cẩn thận, phom dáng chuẩn đẹp. Balo chống trộm phiên bản balo đeo chéo ngực một quai MIXI 2060 thích hợp cho cả bạn nữ và bạn nam với phiên bản đặc biệt.",,"990,000 VND"
2062,664,"Túi xách đẹp D.Dore 2062",http://kacana.vn/san-pham/tui-xach-dep-ddore-2062--2062--664,http://image.kacana.vn/images/product/Túi%20xách%20đẹp%20D.Dore%202062%201505496328.jpg,"Túi xách đẹp D.Dore 2062","Túi xách đẹp D.Dore 2062 tối giản chi tiết, tập trung vào đường nét, kiểu dáng phổ biến là thiết kế túi vuông. Túi xách đẹp D.Dore 2062 rộng rãi, tiện dụng để sử dụng hàng ngày.",,"600,000 VND"
2063,387,"Túi đeo chéo nam cao cấp CB 2063",http://kacana.vn/san-pham/tui-deo-cheo-nam-cao-cap-cb-2063--2063--387,http://image.kacana.vn/images/product/tui-deo-cheo-nam-cao-cap-cb-2063-1513294456.jpg,"Túi đeo chéo nam cao cấp CB 2063","Túi đeo chéo nam cao cấp CB 2063 vẻ ngoài thời thượng và ấn tượng cũng khiến người khác phải muốn sở hữu ngay. Túi đeo chéo nam cao cấp CB 2063 giúp phái mạnh khẳng định đẳng cấp của mình qua món phụ kiện cực chất này.",,"980,000 VND"
2064,387,"Túi nam mini CB 2064",http://kacana.vn/san-pham/tui-nam-mini-cb-2064--2064--387,http://image.kacana.vn/images/product/tui-nam-mini-cb-2064-1513295262.jpg,"Túi nam mini CB 2064","Túi nam mini CB 2064 phiên bản phụ kiện được coi là biểu tượng mới, trẻ trung và hiện đại. Túi nam mini CB 2064 là lựa chọn hoàn hảo cho các chàng trai sành điệu.",,"790,000 VND"
2065,664,"Túi trống mini Northbag 2065",http://kacana.vn/san-pham/tui-trong-mini-northbag-2065--2065--664,http://image.kacana.vn/images/product/Túi%20trống%20mini%20Northbag%202065%201505484722.jpg,"Túi trống mini Northbag 2065","Túi trống mini Northbag 2065 với thiết kế gọn gàng gây ấn tượng ngay từ cái nhìn đầu tiên. Túi trống mini Northbag 2065 bề mặt da được xử lý để mang đến vẻ quyến rũ nuột nà, quy trình làm nên túi gồm nhiều công đoạn và được thực hiện bởi những nghệ nhân thủ công lành nghề.",,"290,000 VND"
2068,387,"Túi xách nam da thật Demodun 2068",http://kacana.vn/san-pham/tui-xach-nam-da-that-demodun-2068--2068--387,http://image.kacana.vn/images/product/Túi%20xách%20nam%20da%20thật%20Demodun%202068%201505461602.jpg,"Túi xách nam da thật Demodun 2068","Túi xách nam da thật Demodun 2068 như những lời tuyên ngôn về giá trị bản thân, phong thái sống và phong cách thời trang tinh tế. Túi xách nam da thật Demodun 2068 hướng đến những người đàn ông hiện đại.",,"1,800,000 VND"
2069,387,"Túi xách nam hàng hiệu Demodun 2069",http://kacana.vn/san-pham/tui-xach-nam-hang-hieu-demodun-2069--2069--387,http://image.kacana.vn/images/product/Túi%20xách%20nam%20hàng%20hiệu%20Demodun%202069%201505459159.jpg,"Túi xách nam hàng hiệu Demodun 2069","Túi xách nam hàng hiệu Demodun 2069 thiết kế phom đứng thanh lịch nhưng vẫn sở hữu những đường nét mềm mại, cuốn hút. Túi xách nam hàng hiệu Demodun 2069 sở hữu kích thước rộng rãi, mang tính ứng dụng cao thể hiện qua hai cách đeo đơn giản: hoặc choàng qua vai với phần dây bản lớn hoặc xách tay thông thường.",,"2,050,000 VND"
2072,664,"Túi xách nữ Northbag 2072",http://kacana.vn/san-pham/tui-xach-nu-northbag-2072--2072--664,http://image.kacana.vn/images/product/Túi%20xách%20nữ%20Northbag%202072%201505456618.jpg,"Túi xách nữ Northbag 2072","Túi xách nữ Northbag 2072 mang diện mạo mới, vẻ đẹp thanh lịch cũng được nâng tầm. Túi xách nữ Northbag 2072 toả ra sức cuốn hút vừa cá tính, vừa hiện đại, tinh giản bằng tông màu trắng, đen.",,"290,000 VND"
2076,664,"Gio xach dep FSM 2076",http://kacana.vn/san-pham/gio-xach-dep-fsm-2076--2076--664,http://image.kacana.vn/images/product/Gio%20xach%20dep%20FSM%202076%201505452305.jpg,"Gio xach dep FSM 2076","Gio xach dep FSM 2076 sự phá cách tạo nên gam màu tươi trẻ. Gio xach dep FSM 2076 chất lượng da cao cấp, phong cách rất trẻ trung và hiện đại, tạo nên một làn gió mới trong thị trường túi xách với thiết kế độc đáo, lạ mắt. Gio xach dep FSM 2076 tông màu đen, trắng dễ dàng phối đồ với mọi trang phục khi đến công sở và cũng nổi bật khi xuống phố.",,"900,000 VND"
2077,387,"Túi xách nữ hàng hiệu Flower 2077",http://kacana.vn/san-pham/tui-xach-nu-hang-hieu-flower-2077--2077--387,http://image.kacana.vn/images/product/Túi%20xách%20nữ%20hàng%20hiệu%20Flower%202077%201505449275.jpg,"Túi xách nữ hàng hiệu Flower 2077","Dù là đi dạo phố, picnic đi biển hay đi làm, túi xách nữ hàng hiệu Flower 2077 cũng là sự lựa chọn tuyệt vời vì tính tiện dụng, bền bĩ và thiết kế bắt mắt. Túi xách nữ hàng hiệu Flower 2077 không phải là phụ kiện phô trương sự giàu có nhưng là công cụ tuyệt vời để thể hiện gu thẩm mỹ của người mang chúng.",,"1,080,000 VND"
2078,2136,"Túi xách nữ đẹp khoá xích tròn ZYA 2078 ",http://kacana.vn/san-pham/tui-xach-nu-dep-khoa-xich-tron-zya-2078--2078--2136,http://image.kacana.vn/images/product/2078%201498724405.jpg,"Túi xách nữ đẹp khoá xích tròn ZYA 2078 ","Túi xách nữ đẹp khoá xích tròn ZYA 2078 là mẫu túi xách nữ đẹp phù hợp cho công sở, những bữa tiệc sang trọng...  Túi xách nữ đẹp khoá xích tròn ZYA 2078 yêu ngay từ cái nhìn đầu tiên, mang đến cảm giác mới mẻ cho các cô nàng công sở.",,"490,000 VND"
2079,664,"Túi xách nữ hàng hiệu Flower 2079 ",http://kacana.vn/san-pham/tui-xach-nu-hang-hieu-flower-2079--2079--664,http://image.kacana.vn/images/product/Túi%20xách%20nữ%20hàng%20hiệu%20Flower%202079%20%201505397919.jpg,"Túi xách nữ hàng hiệu Flower 2079 ","Túi xách nữ hàng hiệu Flower 2079 với thiết kế bắt mắt, chỉ cần nhìn thấy một lần sẽ khó có thể quên được. Túi xách nữ hàng hiệu Flower 2079 tạo cảm giác dễ chịu giúp người mang tự tin toả sáng phong cách.",,"860,000 VND"
2080,664,"Túi xách đeo chéo nữ hàng hiệu Flower 2080",http://kacana.vn/san-pham/tui-xach-deo-cheo-nu-hang-hieu-flower-2080--2080--664,http://image.kacana.vn/images/product/Túi%20xách%20đeo%20chéo%20nữ%20hàng%20hiệu%20Flower%202080%201505376998.jpg,"Túi xách đeo chéo nữ hàng hiệu Flower 2080","Túi xách đeo chéo nữ hàng hiệu Flower 2080 phục vụ nhu cầu thời trang của nàng công sở, mẫu túi mới lạ, sành điệu. Túi xách đeo chéo nữ hàng hiệu Flower 2080 với kiểu dáng mới, màu sắc nổi bật sẽ đáp ứng được tiêu chí của nhiều chị em.",,"860,000 VND"
2081,3145,"Túi xách nữ hàng hiệu Flower 2081",http://kacana.vn/san-pham/tui-xach-nu-hang-hieu-flower-2081--2081--3145,http://image.kacana.vn/images/product/Túi%20xách%20nữ%20hàng%20hiệu%20Flower%202081%201505273376.jpg,"Túi xách nữ hàng hiệu Flower 2081","Túi xách nữ hàng hiệu Flower 2081 giúp hoàn chỉnh thêm set đồ của bạn, chất da cao cấp mềm mịn, kiểu dáng thời trang, rất hợp nơi công sở.",,"900,000 VND"
2083,664,"Túi xách kim tuyến Flower 2083",http://kacana.vn/san-pham/tui-xach-kim-tuyen-flower-2083--2083--664,http://image.kacana.vn/images/product/Túi%20xách%20kim%20tuyến%20Flower%202083%201505238299.jpg,"Túi xách kim tuyến Flower 2083","Túi xách kim tuyến Flower 2083 giống như một bầu trời đầy sao khiến bất kì cô gái nào sở hữu nó đều trông quyến rũ đến lạ. Túi xách kim tuyến Flower 2083 với phong cách cổ điển kết hợp hiện đại tạo cho bạn một sự thanh lịch, giúp bạn nổi trội vượt bậc tại bất cứ đâu, bất cứ nơi nào",,"860,000 VND"
2084,664,"Túi trống nữ thời trang cao cấp Flower 2084",http://kacana.vn/san-pham/tui-trong-nu-thoi-trang-cao-cap-flower-2084--2084--664,http://image.kacana.vn/images/product/Túi%20trống%20nữ%20thời%20trang%20cao%20cấp%20Flower%202084%201505237467.jpg,"Túi trống nữ thời trang cao cấp Flower 2084","Túi trống nữ thời trang cao cấp Flower 2084 là phụ kiện luôn gắn liền với bạn gái và dường như phải có ít nhất một chiếc trong nhà. Túi trống nữ thời trang cao cấp Flower 2084 này vô cùng tiện lợi, bạn có thể sử dụng tại công sở hay biến đổi linh hoạt thành túi trống du lịch.  Dù đi đâu, làm gì chiếc túi trống nữ thời trang cao cấp Flower 2084 sẽ luôn là người bạn đồng hành thân thiết của bạn.",,"790,000 VND"
2088,2453,"Balo học sinh cấp 1 siêu nhẹ ASQ 2088 ",http://kacana.vn/san-pham/balo-hoc-sinh-cap-1-sieu-nhe-asq-2088--2088--2453,http://image.kacana.vn/images/product/Balo%20học%20sinh%20cấp%201%20siêu%20nhẹ%20ASQ%202088%20%201505234325.jpg,"Balo học sinh cấp 1 siêu nhẹ ASQ 2088 ","Balo học sinh cấp 1 siêu nhẹ ASQ 2088 chất liệu vải bố in hoạ tiết xe, chất liệu nhẹ, ít bám bẩn, dễ dàng làm sạch. Balo học sinh cấp 1 siêu nhẹ ASQ 2088 đai đeo to bản, giảm trọng lượng đáng kể cho bé, mặt sau balo vải lưới thoáng khí, hạn chế mồ hôi lưng.",,"560,000 VND"
2099,664,"Túi đeo chéo nữ hàng hiệu Northbag 2099",http://kacana.vn/san-pham/tui-deo-cheo-nu-hang-hieu-northbag-2099--2099--664,http://image.kacana.vn/images/product/Túi%20đeo%20chéo%20nữ%20hàng%20hiệu%20Northbag%202099%201505202408.jpg,"Túi đeo chéo nữ hàng hiệu Northbag 2099","Túi đeo chéo nữ hàng hiệu Northbag 2099 là mẫu túi mang tính thẩm mỹ cao và vô cùng tiện lợi. Túi đeo chéo nữ hàng hiệu Northbag 2099 tạo nên cho cơn sốt của phái đẹp, phiên bản hiện đại khuấy động làng thời trang.",,"550,000 VND"
2108,664,"Bóp nữ dễ thương MOS 2108",http://kacana.vn/san-pham/bop-nu-de-thuong-mos-2108--2108--664,http://image.kacana.vn/images/product/Bóp%20nữ%20dễ%20thương%20MOS%202108%201505192571.jpg,"Bóp nữ dễ thương MOS 2108","Bóp nữ dễ thương MOS 2108 tạo nên sự khác biệt với triết lý thiết kế vì sự thoải mái và tự do cho người sử dụng. Bóp nữ dễ thương MOS 2108 là sự lựa chọn phù hợp cho bất kỳ tính cách, tâm trạng hoặc hoàn cảnh nào.",,"390,000 VND"
2119,387,"Túi xách nam công sở CB 2119",http://kacana.vn/san-pham/tui-xach-nam-cong-so-cb-2119--2119--387,http://image.kacana.vn/images/product/tui-xach-nam-cong-so-cb-2119-1513578815.jpg,"Túi xách nam công sở CB 2119","Túi xách nam công sở CB 2119 phong cách doanh nhân lịch lãm, thời thượng. Túi xách nam công sở CB 2119 bắt mắt từ màu sắc sang trọng đến sự chu đáo trong từng chi tiết thiết kế nhỏ.",,"1,150,000 VND"
2121,664,"Túi xách đẹp hàng hiệu Flower 2121",http://kacana.vn/san-pham/tui-xach-dep-hang-hieu-flower-2121--2121--664,http://image.kacana.vn/images/product/Túi%20xách%20đẹp%20hàng%20hiệu%20Flower%202121%201504943179.jpg,"Túi xách đẹp hàng hiệu Flower 2121","Túi xách đẹp hàng hiệu Flower 2121 mang phong cách của một quý cô sang trọng, đầy quyến rũ, chắc chắn sẽ là phụ kiện thời trang không thể thiếu của bạn.",,"990,000 VND"
2129,664,"Balo nữ mini Northbag 2129",http://kacana.vn/san-pham/balo-nu-mini-northbag-2129--2129--664,http://image.kacana.vn/images/product/Balo%20nữ%20mini%20Northbag%202129%201505033772.jpg,"Balo nữ mini Northbag 2129","Balo nữ mini Northbag 2129 với thiết kế kiểu balo mini hàn quốc là mẫu balo mini dễ thương cho các bạn gái hiện đại thể hiện phong cách trẻ trung và năng động. Balo nữ mini Northbag 2129 xứng đáng là mẫu balo nhỏ đi chơi mà bạn gái đang cần tìm.",,"390,000 VND"
2130,2320,"Ví da nữ cầm tay DAN 2130",http://kacana.vn/san-pham/vi-da-nu-cam-tay-dan-2130--2130--2320,http://image.kacana.vn/images/product/Ví%20da%20nữ%20cầm%20tay%20DAN%202130%201504111224.jpg,"Ví da nữ cầm tay DAN 2130","Ví da nữ cầm tay DAN 2130 là mẫu ví cầm tay dự tiệc sang trọng, với thiết kế da bò dập vân cá sấu nổi hoàn hảo trong từng đường nét, màu sắc quyến rũ, nổi bật, đầy thu hút.",,"1,150,000 VND"
2131,2320,"Ví nữ hàng hiệu da thật XMO 2131",http://kacana.vn/san-pham/vi-nu-hang-hieu-da-that-xmo-2131--2131--2320,http://image.kacana.vn/images/product/Ví%20nữ%20hàng%20hiệu%20da%20thật%20XMO%202131%201504590531.jpg,"Ví nữ hàng hiệu da thật XMO 2131","Ví nữ hàng hiệu da thật XMO 2131 đơn giản, tinh tế, thời thượng và sang trọng. Trông bạn sẽ đẹp quyến rũ hơn với túi đeo xinh xắn này, sản phẩm là một sự trãi nghiệm của phái đẹp. Ví nữ hàng hiệu da thật XMO 2131 sẽ là món quà mà bất kỳ ai cũng muốn được sở hữu, bạn có thể chọn nó để tặng mẹ, làm quà tặng sếp hay cho bạn bè, đồng nghiệp, chị em gái, là quà tặng lý tưởng các bạn nam tặng vợ, người yêu bạn gái mình.",,"1,150,000 VND"
2132,2320,"Ví cầm tay dự tiệc nữ XMO 2132",http://kacana.vn/san-pham/vi-cam-tay-du-tiec-nu-xmo-2132--2132--2320,http://image.kacana.vn/images/product/Ví%20cầm%20tay%20dự%20tiệc%20nữ%20XMO%202132%201504654126.jpg,"Ví cầm tay dự tiệc nữ XMO 2132","Ví cầm tay dự tiệc nữ XMO 2132 có nắp gập, thiết kế trẻ trung cùng gam màu pastel dịu ngọt sẽ giúp bạn cuốn hút mọi ánh nhìn bởi sự lãng mạn, cổ điển và những bí kíp mặc đẹp rất riêng.",,"990,000 VND"
2133,2320,"Ví cầm tay đính đá Sef 2133",http://kacana.vn/san-pham/vi-cam-tay-dinh-da-sef-2133--2133--2320,http://image.kacana.vn/images/product/Ví%20cầm%20tay%20đính%20đá%20Sef%202133%201504673082.jpg,"Ví cầm tay đính đá Sef 2133","Ví cầm tay đính đá Sef 2133 bằng thiết kế lấp lánh, bắt mắt, có khả năng biến mọi người phụ nữ trở thành nữ hoàng quý phái và lộng lẫy nhất của các buổi tiệc.",,"1,150,000 VND"
2134,3141,"Balo đựng laptop lớn cao cấp Mixi 2134",http://kacana.vn/san-pham/balo-dung-laptop-lon-cao-cap-mixi-2134--2134--3141,http://image.kacana.vn/images/product/Balo%20đựng%20laptop%20lớn%20cao%20cấp%20Mixi%202134%201504677012.jpg,"Balo đựng laptop lớn cao cấp Mixi 2134","Balo đựng laptop lớn cao cấp Mixi 2134 thiết kế kiểu dáng đơn giản nhưng rất bắt mắt, ngăn đựng laptop rộng rãi, với độ dày bền chắc, giữ gìn và bảo vệ máy tính của bạn an toàn. Balo đựng laptop lớn cao cấp Mixi 2134 với chất liệu vải thô cao cấp bền đẹp, chịu lực và ma sát tốt, chống thấm nước, thân thiện với da.",,"1,200,000 VND"
2135,3141,"Balo nam thời trang Mixi 2135   ",http://kacana.vn/san-pham/balo-nam-thoi-trang-mixi-2135--2135--3141,http://image.kacana.vn/images/product/Balo%20nam%20kiểu%20thời%20trang%20Mixi%202135%20%20%20%201504682601.jpg,"Balo nam thời trang Mixi 2135   ","Balo nam thời trang Mixi 2135 là một mẫu balo tiện dụng với thiết kế chia ngăn khoa học. Balo nam thời trang Mixi 2135 công nghệ may chuyên nghiệp, đường may tỉ mỉ, chuẩn xác, chất liệu vải cao cấp, bền bĩ.",,"900,000 VND"
2136,2196,"Ví cầm tay dự tiệc màu đen Sef 2136",http://kacana.vn/san-pham/vi-cam-tay-du-tiec-mau-den-sef-2136--2136--2196,http://image.kacana.vn/images/product/Ví%20cầm%20tay%20dự%20tiệc%20màu%20đen%20Sef%202136%201504688068.jpg,"Ví cầm tay dự tiệc màu đen Sef 2136","Ví cầm tay dự tiệc màu đen Sef 2136 mẫu ví dáng dài, màu đen bóng sáng, da trơn mịn cao cấp, dễ dàng kết hợp với nhiều trang phục khác nhau, cho bạn tự tin khi đến các bữa tiệc.",,"790,000 VND"
2137,3156,"Túi đựng điện thoại cho nam Demodun 2137",http://kacana.vn/san-pham/tui-dung-dien-thoai-cho-nam-demodun-2137--2137--3156,http://image.kacana.vn/images/product/Túi%20đựng%20điện%20thoại%20cho%20nam%20Demodun%202137%201504757897.jpg,"Túi đựng điện thoại cho nam Demodun 2137","Túi đựng điện thoại cho nam Demodun 2137 là mẫu túi đeo dành cho nam kiểu đeo vai tiện lợi, nhỏ gọn rất trẻ trung và hiện đại.",,"1,150,000 VND"
2138,3156,"Ví cầm tay nam hàng hiệu cao cấp Demodun 2138",http://kacana.vn/san-pham/vi-cam-tay-nam-hang-hieu-cao-cap-demodun-2138--2138--3156,http://image.kacana.vn/images/product/Ví%20cầm%20tay%20nam%20hàng%20hiệu%20cao%20cấp%20Demodun%202138%201504769220.jpg,"Ví cầm tay nam hàng hiệu cao cấp Demodun 2138","Ví cầm tay nam hàng hiệu cao cấp Demodun 2138 món quà ý nghĩa dành tặng những người thân yêu của bạn, là sự chọn hàng đầu của các đấng mày râu. Ví cầm tay nam hàng hiệu cao cấp Demodun 2138 dây đeo thời trang, dây đeo thiết kế tiện lợi, có thể tháo rời tuỳ ý.",,"990,000 VND"
2139,3114,"Ví cầm tay nam Demodun 2139",http://kacana.vn/san-pham/vi-cam-tay-nam-demodun-2139--2139--3114,http://image.kacana.vn/images/product/Ví%20cầm%20tay%20nam%20Demodun%202139%201504771708.jpg,"Ví cầm tay nam Demodun 2139","Ví cầm tay nam Demodun 2139 thích hợp để chứa nhiều đồ vật như giấy tờ, điện thoại, tiền mặt, chìa khoá, ví nam.... Ví cầm tay nam Demodun 2139 là phụ kiện cho các quý ông doanh nhân lịch lãm, rất phong cách.",,"680,000 VND"
2141,2936,"Túi yên ngựa saddle bag D.Dore 2141",http://kacana.vn/san-pham/tui-yen-ngua-saddle-bag-ddore-2141--2141--2936,http://image.kacana.vn/images/product/saddle-bag-quai-tron-ddore-2141-1506980645.jpg,"Túi yên ngựa saddle bag D.Dore 2141","Mẫu túi cổ điển này bất ngờ trở thành xu hướng thời trang nổi bật năm nay, túi yên ngựa - saddle bag thiết kế cách điệu độc đáo với hai vòng tròn kim loại mạ vàng sáng bóng. Túi yên ngựa saddle bag D.Dore 2141 không chỉ là chiếc túi đeo chéo lý tưởng, mẫu còn là chiếc ví cầm tay thời thượng, hoặc chiếc túi xách tay cá tính, cho bạn gái nhiều gợi ý về trang phục hơn.",,"550,000 VND"
2142,2767,"Bộ túi xách nữ D.Dore 2142",http://kacana.vn/san-pham/bo-tui-xach-nu-ddore-2142--2142--2767,http://image.kacana.vn/images/product/bo-tui-xach-nu-ddore-2142-1507155364.jpg,"Bộ túi xách nữ D.Dore 2142","Bộ túi xách nữ D.Dore 2142 gồm 3 túi xách nữ thời trang: Túi hến lớn, túi đeo chéo nhỏ, ví cầm tay nhỏ. Túi xách bộ 3 cái phong cách thời trang hiện đại, trẻ trung, màu sắc đẹp, bắt mắt. Toàn bộ chất liệu set 3 túi xách được dập vân cá sấu nổi sang trọng, bạn có thể tự tin mang chúng đến mọi nơi bạn đến.",,"590,000 VND"
2143,2242,"Túi xách tay nữ đeo chéo ZYA 2143",http://kacana.vn/san-pham/tui-xach-tay-nu-deo-cheo-zya-2143--2143--2242,http://image.kacana.vn/images/product/tui-xach-tay-nu-deo-cheo-zya-2143-1507438425.jpg,"Túi xách tay nữ đeo chéo ZYA 2143","Túi xách tay nữ đeo chéo ZYA 2143 phù hợp công sở, kiểu dáng đẹp, trẻ trung, nắp lật nhỏ nhắn. Túi làm từ chất da cao cấp và vật liệu ngũ kim bóng sáng.",,"500,000 VND"
2146,2958,"Túi đựng điện thoại nữ Northbag 2146 ",http://kacana.vn/san-pham/tui-dung-dien-thoai-nu-northbag-2146--2146--2958,http://image.kacana.vn/images/product/tui-dung-dien-thoai-nu-northbag-2146-1508821822.jpg,"Túi đựng điện thoại nữ Northbag 2146 ","Túi đựng điện thoại nữ Northbag 2146 thiết kế theo phong cách châu Âu đơn giản nhưng rất thanh lịch và tiện dụng, tạo ấn tượng ngay từ cái nhìn đầu tiên với vẻ ngoài xinh xắn, duyên dáng.",,"310,000 VND"
2147,2966,"Túi đeo chéo nữ mini D.Dore 2147  ",http://kacana.vn/san-pham/tui-deo-cheo-nu-mini-ddore-2147--2147--2966,http://image.kacana.vn/images/product/tui-deo-cheo-nu-mini-ddore-2147-1507435343.jpg,"Túi đeo chéo nữ mini D.Dore 2147  ","Túi đeo chéo nữ mini D.Dore 2147 với thiết kế vô cùng ấn tượng và cá tính, tặng kèm móc treo túi nhỏ xinh. Túi đeo chéo nữ mini D.Dore 2147 thích hợp để bạn mang theo trong mọi hoàn cảnh.",,"590,000 VND"
2148,2967,"Túi đeo chéo hàn quốc D.Dore 2148",http://kacana.vn/san-pham/tui-deo-cheo-han-quoc-ddore-2148--2148--2967,http://image.kacana.vn/images/product/tui-deo-cheo-han-quoc-ddore-2148-1507436109.jpg,"Túi đeo chéo hàn quốc D.Dore 2148","Túi đeo chéo hàn quốc D.Dore 2148 chất liệu da PU cao cấp rất mịn. Túi đeo chéo hàn quốc D.Dore 2148 kết hợp hài hoà với phần nắp túi gắn nơ lớn tạo điểm nhấn nổi bật trong set đồ của phái đẹp.",,"490,000 VND"
2149,2966,"Túi tote nhỏ xinh 2 màu D.Dore 2149",http://kacana.vn/san-pham/tui-tote-nho-xinh-2-mau-ddore-2149--2149--2966,http://image.kacana.vn/images/product/tui-tote-nho-xinh-2-mau-ddore-2149-1507438153.jpg,"Túi tote nhỏ xinh 2 màu D.Dore 2149","Túi tote nhỏ xinh 2 màu D.Dore 2149 với gam màu pastel, xu hướng nổi bật trong năm nay, thiết kế độc đáo, phom dáng bucket và tote rất dễ thương.",,"490,000 VND"
2150,2973,"Túi xách nữ da thật BDC 2150 ",http://kacana.vn/san-pham/tui-xach-nu-da-that-bdc-2150--2150--2973,http://image.kacana.vn/images/product/tui-xach-nu-da-that-bdc-2150-1514869775.jpg,"Túi xách nữ da thật BDC 2150 ","Túi xách nữ da thật BDC 2150 phong cách châu Âu, thiết kế đơn giản, gọn nhẹ, chất liệu da cao cấp, hàng hiệu giá rẻ, đeo chéo công sở hay đi chơi đều phù hợp.",,"949,000 VND"
2151,3155,"Túi đeo chéo nữ hàng hiệu Yakou 2151",http://kacana.vn/san-pham/tui-deo-cheo-nu-hang-hieu-yakou-2151--2151--3155,http://image.kacana.vn/images/product/tui-deo-cheo-han-quoc-1507901306.jpg,"Túi đeo chéo nữ hàng hiệu Yakou 2151","Túi đeo chéo nữ hàng hiệu Yakou 2151 như một mẫu túi bucket bag tua rua, sức chứa lớn. Túi đeo chéo nữ hàng hiệu Yakou 2151 có thể đeo như một chiếc túi quai chéo hoặc đeo ngang vai đều rất đẹp và trẻ trung.",,"990,000 VND"
2152,2875,"Ba lô đeo chéo nam Jianmu 2153",http://kacana.vn/san-pham/ba-lo-deo-cheo-nam-jianmu-2153--2152--2875,http://image.kacana.vn/images/product/ba-lo-deo-cheo-nam-jianmu-21532-1513807084.jpg,"Ba lô đeo chéo nam Jianmu 2153","Ba lô đeo chéo nam Jianmu 2153 bạn chỉ cần một thao tác nhỏ đã biến hoá nhanh chóng thành túi đeo chéo nam. Ba lô đeo chéo nam Jianmu 2153 có thể đeo trước ngực, đeo vai, đeo chéo tiện lợi, tạo nên phong cách lịch lãm cho phái mạnh.",,"900,000 VND"
2154,3048,"Túi đeo chéo nhỏ xinh 2154",http://kacana.vn/san-pham/tui-deo-cheo-nho-xinh-2154--2154--3048,http://image.kacana.vn/images/product/tui-nu-deo-cheo-chat-vai-oxford-lequeen-2154-1508744342.jpg,"Túi đeo chéo nhỏ xinh 2154","Túi đeo chéo nhỏ xinh 2154 phong cách Italy nhỏ nhắn, xinh xắn, đóng mở dễ dàng, an toàn, chắc chắn. Túi đeo chéo nhỏ xinh 2154 dây đeo tuỳ chỉnh độ dài thích hợp.",,"250,000 VND"
2155,2298,"Túi xách nữ giá rẻ Wef 2155",http://kacana.vn/san-pham/tui-xach-nu-gia-re-wef-2155--2155--2298,http://image.kacana.vn/images/product/tui-xach-nu-gia-re-wef-2155-1508778045.jpg,"Túi xách nữ giá rẻ Wef 2155","Túi xách nữ giá rẻ Wef 2155 tạo nét thu hút và cá tính riêng cho phái đẹp, túi nữ có 2 dây đeo, hứa hẹn sẽ là một món quà hoàn hảo cho các bạn gái.",,"390,000 VND"
2158,2999,"Balo vải nam Joe Club 2158",http://kacana.vn/san-pham/balo-vai-nam-joe-club-2158--2158--2999,http://image.kacana.vn/images/product/balo-vai-nam-joe-club-2158-1508990183.jpg,"Balo vải nam Joe Club 2158","Balo vải nam Joe Club 2158 là mẫu balo du lịch thời trang, mặt trước thiết kế ngăn phụ nắp lật an toàn, thẩm mỹ cao.",,"490,000 VND"
2161,2877,"Balo nữ đẹp Northbag 2161",http://kacana.vn/san-pham/balo-nu-dep-northbag-2161--2161--2877,http://image.kacana.vn/images/product/balo-nu-han-quoc-north-bag-2161-1508994588.jpg,"Balo nữ đẹp Northbag 2161","Balo nữ đẹp Northbag 2161 thiết kế nhỏ gọn, kết cấu hình học chuẩn xác gia tăng diện tích chứa đồ. Balo nữ đẹp Northbag 216 tặng kèm móc treo túi dễ thương.",,"520,000 VND"
2162,3029,"Balo nữ xinh Northbag 2162",http://kacana.vn/san-pham/balo-nu-xinh-northbag-2162--2162--3029,http://image.kacana.vn/images/product/balo-nu-xinh-northbag-2162-1513841322.jpg,"Balo nữ xinh Northbag 2162","Balo nữ xinh Northbag 2162 thiết kế 3 trong 1 có thể đeo chéo, xách tay, đeo balo vô cùng tiện lợi. Balo nữ xinh Northbag 2162  dáng túi nhỏ gọn, khoẻ khoắn.",,"450,000 VND"
2163,2298,"Túi xách nữ thời trang Northbag 2163",http://kacana.vn/san-pham/tui-xach-nu-thoi-trang-northbag-2163--2163--2298,http://image.kacana.vn/images/product/tui-deo-cheo-nho-xinh-northbag-2163-1508996234.jpg,"Túi xách nữ thời trang Northbag 2163","Túi đeo chéo nhỏ xinh Northbag 2163 là sự kết hợp giữa nguyên liệu và kiểu dáng đã tạo nên một sản phẩm thời trang. Túi đeo chéo nhỏ xinh Northbag 2163 có thiết kế trẻ trung, dây đeo thổ cẩm tiện lợi, dễ dàng biến tấu với nhiều phong cách khác nhau.",,"350,000 VND"
2164,3005,"Ví dự tiệc sang trọng DAN 2164",http://kacana.vn/san-pham/vi-du-tiec-sang-trong-dan-2164--2164--3005,http://image.kacana.vn/images/product/vi-du-tiec-sang-trong-kacana-2164-1508998259.jpg,"Ví dự tiệc sang trọng DAN 2164","Ví dự tiệc sang trọng DAN 2164 sành điệu, ấn tượng và cực kỳ cuốn hút. Ví dự tiệc sang trọng DAN 2164 được làm bằng chất liệu da bò rất mềm mại, dễ dàng trở thành điểm nhấn của mọi bộ trang phục trong tủ đồ của phái đẹp.",,"1,150,000 VND"
2165,3053,"Ví nữ gấp nhỏ XMO 2165",http://kacana.vn/san-pham/vi-nu-gap-nho-xmo-2165--2165--3053,http://image.kacana.vn/images/product/vi-nu-gap-nho-1508999286.jpg,"Ví nữ gấp nhỏ XMO 2165","Ví nữ gấp nhỏ XMO 2165 với thiết kế nhỏ nhắn tiện lợi, ví gồm rất nhiều ngăn nhỏ bên trong sẽ giúp “chủ nhân” có thể sắp xếp mọi thứ trật tự một cách hoàn hảo như thẻ atm, tiền, giày tờ tùy thân... Ví nữ gấp nhỏ XMO 2165 dễ dàng mang theo khi đi shopping, đi chơi, cafe.",,"800,000 VND"
2166,3119,"Ví da nữ cao cấp có dây đeo D.Doo 2166",http://kacana.vn/san-pham/vi-da-nu-cao-cap-co-day-deo-ddoo-2166--2166--3119,http://image.kacana.vn/images/product/vi-da-nu-cao-cap-co-day-deo-ddoo-2166-1513844963.jpg,"Ví da nữ cao cấp có dây đeo D.Doo 2166","Ví nữ cao cấp có dây đeo D.Doo 2166 kết cấu bên trong bố trí hợp lý, tiện dụng, khả năng chứa đồ lớn, đáp ứng nhu cầu khách hàng. Ví nữ cao cấp có dây đeo D.Doo 2166 chất liệu cao cấp nhập khẩu, đẹp mắt và tinh tế.",,"990,000 VND"
2167,2527,"Túi nữ đẹp D.Doo 2167",http://kacana.vn/san-pham/tui-nu-dep-ddoo-2167--2167--2527,http://image.kacana.vn/images/product/tui-nu-dep-ddoo-2167-1513870100.jpg,"Túi nữ đẹp D.Doo 2167","Túi nữ đẹp D.Doo 2167 phong cách thời trang hàn quốc, trang nhã và thanh lịch, chất da cao cấp, túi dáng thuyền hai cánh dơi đẹp.",,"980,000 VND"
2168,2527,"Túi nữ thời trang D.Doo 2168",http://kacana.vn/san-pham/tui-nu-thoi-trang-ddoo-2168--2168--2527,http://image.kacana.vn/images/product/tui-nu-thoi-trang-ddoo-2168-1513871211.jpg,"Túi nữ thời trang D.Doo 2168","Túi nữ thời trang D.Doo 2168 chất da cao cấp, kiểu dáng đẹp, vật liệu hàng hiệu chính hãng, là một món quà hoàn hảo cho các bạn gái các dịp lễ cuối năm sắp tới.",,"960,000 VND"
2169,3125,"Balo nữ cao cấp D.Doo 2169",http://kacana.vn/san-pham/balo-nu-cao-cap-ddoo-2169--2169--3125,http://image.kacana.vn/images/product/balo-nu-cao-cap-ddoo-2169-1510722701.jpg,"Balo nữ cao cấp D.Doo 2169","Balo nữ cao cấp D.Doo 2169 móc khoá ngũ kim xi mạ điện màu sắc đều đẹp bóng sáng, ngăn kéo khoá trước thiết kế hợp lý có thể đựng điện thoại, tiền lẻ và các đồ dùng cá nhân khác. Balo nữ cao cấp D.Doo 2169 đường may đều đẹp thẳng hàng, thiết kế hợp lý tạo cảm giác thoải mái khi dùng.",,"1,050,000 VND"
2170,2136,"Túi xách nữ đẹp gắn huy hiệu D.Doo 2170",http://kacana.vn/san-pham/tui-xach-nu-dep-gan-huy-hieu-ddoo-2170--2170--2136,http://image.kacana.vn/images/product/tui-xach-nu-dep-gan-huy-hieu-ddoo-2170-1510729405.jpg,"Túi xách nữ đẹp gắn huy hiệu D.Doo 2170","Túi xách nữ đẹp gắn huy hiệu, thiết kế thời trang của hàng hiệu chính hãng D.Doo, da cao cấp, phù hợp công sở, dự tiệc sang trọng.",,"800,000 VND"
2171,2886,"Túi bucket bag nữ D.Doo 2171",http://kacana.vn/san-pham/tui-bucket-bag-nu-ddoo-2171--2171--2886,http://image.kacana.vn/images/product/tui-bucket-bag-nu-ddoo-2171-1514450501.jpg,"Túi bucket bag nữ D.Doo 2171","Túi bucket bag nữ D.Doo 2171 thiết kế đeo chéo nhỏ gọn, đi chơi, tới công sở đều phù hợp, chất da cao cấp, chống phai màu, hoạ tiết hình hoa thời trang nữ tính.",,"880,000 VND"
2172,2202,"Túi xách nữ thời trang cao cấp D.Doo 2172",http://kacana.vn/san-pham/tui-xach-nu-thoi-trang-cao-cap-ddoo-2172--2172--2202,http://image.kacana.vn/images/product/tui-xach-cong-so-nu-ddoo-2172-1514499821.jpg,"Túi xách nữ thời trang cao cấp D.Doo 2172","Túi xách nữ thời trang cao cấp 2172 kiểu dáng thời trang hàn quốc, màu sắc đẹp, chất lượng cao cấp, công sở hay đi chơi, đi tiệc đều hợp.",,"890,000 VND"
2173,2178,"Túi xách nữ thời trang công sở D.Doo 2173",http://kacana.vn/san-pham/tui-xach-nu-thoi-trang-cong-so-ddoo-2173--2173--2178,http://image.kacana.vn/images/product/tui-xach-nu-thoi-trang-cong-so-2173-1515133500.jpg,"Túi xách nữ thời trang công sở D.Doo 2173","Túi xách nữ thời trang công sở D.Doo 2173 hàng hiệu giá rẻ, chất liệu cao cấp, kiểu dáng đẹp, bắt mắt.",,"950,000 VND"
2174,3153,"Túi xách nữ thời trang D.Doo 2174",http://kacana.vn/san-pham/tui-xach-nu-thoi-trang-ddoo-2174--2174--3153,http://image.kacana.vn/images/product/tui-xach-nu-thoi-trang-ddoo-2174-1510736578.jpg,"Túi xách nữ thời trang D.Doo 2174","Túi xách nữ thời trang D.Doo 2174 nét đẹp quyến rũ thời thượng thể hiện qua từng chi tiết, chất lượng cao cấp, hàng hiệu chính hãng giá rẻ.",,"980,000 VND"
2175,3131,"Túi xách nữ thời trang hàn quốc D.Doo 2175",http://kacana.vn/san-pham/tui-xach-nu-thoi-trang-han-quoc-ddoo-2175--2175--3131,http://image.kacana.vn/images/product/tui-xach-nu-thoi-trang-han-quoc-ddoo-2175-1510737751.jpg,"Túi xách nữ thời trang hàn quốc D.Doo 2175","Túi xách nữ D.Doo 2175 phong cách thời trang hàn quốc, chất liệu cao cấp, đường may tỉ mỉ, sắc nét, phối màu hài hoà, rất đẹp.",,"990,000 VND"
2178,3146,"Túi xách nữ đẹp giá rẻ ZYA 2178",http://kacana.vn/san-pham/tui-xach-nu-dep-gia-re-zya-2178--2178--3146,http://image.kacana.vn/images/product/tui-xach-nu-dep-gia-re-zya-2178-1515229286.jpg,"Túi xách nữ đẹp giá rẻ ZYA 2178","Túi xách nữ đẹp giá rẻ 2178 chất da cao cấp, lòng túi thiết kế rộng rãi, hợp lý, đáp ứng nhu cầu hằng ngày của bạn.",,"390,000 VND"
2179,3146,"Túi xách retro nữ hoàng thời trang đeo chéo giá rẻ ZYA 2179",http://kacana.vn/san-pham/tui-xach-retro-nu-hoang-thoi-trang-deo-cheo-gia-re-zya-2179--2179--3146,http://image.kacana.vn/images/product/tui-xach-nu-thoi-trang-dep-zya-2179-1515227861.jpg,"Túi xách retro nữ hoàng thời trang đeo chéo giá rẻ ZYA 2179","Túi xách nữ thời trang đẹp 2179 chất da cao cấp, phong cách hàn quốc, trẻ trung và năng động, đeo chéo đi chơi hay đến công sở đều đẹp.",,"390,000 VND"
2182,3153,"Túi xách nữ thời trang tote phối màu ZYA 2182",http://kacana.vn/san-pham/tui-xach-nu-thoi-trang-tote-phoi-mau-zya-2182--2182--3153,http://image.kacana.vn/images/product/tui-xach-nu-thoi-trang-tote-phoi-mau-zya-2182-1515224433.jpg,"Túi xách nữ thời trang tote phối màu ZYA 2182","Túi xách nữ thời trang ZYA 2182 tote phối màu trẻ trung và thời thượng, tạo nên sự hấp dẫn bởi màu sắc bắt mắt, kiểu dáng cổ điển dễ kết hợp thời trang.",,"390,000 VND"
2183,3153,"Túi xách nữ thời trang phom mềm ZYA 2183",http://kacana.vn/san-pham/tui-xach-nu-thoi-trang-phom-mem-zya-2183--2183--3153,http://image.kacana.vn/images/product/tui-xach-nu-thoi-trang-phom-mem-zya-2183-1515215956.jpg,"Túi xách nữ thời trang phom mềm ZYA 2183","Túi xách nữ thời trang ZYA 2183 phom túi mềm từ chất da cao cấp, túi giá rẻ cho bạn nữ công sở thêm nhiều lựa chọn. Túi xách dành đi chơi cũng rất đẹp.",,"490,000 VND"
2185,2844,"Ví nam cao cấp Tucano 2114",http://kacana.vn/san-pham/vi-nam-cao-cap-tucano-2114--2185--2844,http://image.kacana.vn/images/product/vi-nam-cao-cap-tucano-2114-1513463972.jpg,"Ví nam cao cấp Tucano 2114","Ví nam cao cấp Tucano 2114 thiết kế kết hợp giữa cổ điển và thời trang. Ví nam cao cấp Tucano 2114 làm từ chất liệu da bò tuyển chọn, bạn sẽ dễ dàng cảm nhận được chất lượng sản phẩm. Ví nam cao cấp Tucano 2114 theo phong cách thịnh hành, giúp bạn đi trước thời đại, thể hiện bản lĩnh phái mạnh,",,"550,000 VND"
2186,2532,"Balo nam đẹp Demodun 2115",http://kacana.vn/san-pham/balo-nam-dep-demodun-2115--2186--2532,http://image.kacana.vn/images/product/balo-nam-dep-demodun-2115-1513523681.jpg,"Balo nam đẹp Demodun 2115","Balo nam đẹp Demodun 2115 sử dụng chất da bò phủ oxford cao cấp, chống trầy xước. Balo nam đẹp Demodun 2115 kiểu dáng hình vuông đứng, bo viền hình cung, trẻ trung và thanh lịch. Mẫu balo nam đẹp Demodun 2115 có màu sắc nhã nhặn, hoà tiết rằn ri thời thượng và sang trọng.",,"1,400,000 VND"
2187,407,"Túi da nam CB 2118",http://kacana.vn/san-pham/tui-da-nam-cb-2118--2187--407,http://image.kacana.vn/images/product/tui-da-nam-cb-2118-1513570864.jpg,"Túi da nam CB 2118","Túi da nam CB 2118 đường cong mềm mại, kiểu dáng đơn giản, đây chính là sự thoải mái mà thời trang mang lại cho bạn. Túi da nam CB 2118 thiết kế túi dáng thon, hình chữ nhật đứng, đáp ứng nhu cầu, mang lại tự tin cho người sử dụng. Túi da nam CB 2118 bất kể là quá trình gia công hay là lựa chọn chất liệu da đều đi theo phương châm không ngừng nâng cao chất lượng sản phẩm của nhà sản xuất.",,"1,080,000 VND"
2188,3146,"Túi xách nữ đẹp Northbag 2188",http://kacana.vn/san-pham/tui-xach-nu-dep-northbag-2188--2188--3146,http://image.kacana.vn/images/product/tui-xach-nu-dep-northbag-2188-1514623916.jpg,"Túi xách nữ đẹp Northbag 2188","Túi xách nữ đẹp Northbag 2188 là mẫu túi đeo chéo hàn quốc đơn giản, thời trang nhỏ gọn mini, hàng hiệu giá rẻ, chất da cao cấp, mềm mịn.",,"390,000 VND"
2189,3146,"Túi xách nữ đẹp hàng hiệu D.Dore 2189",http://kacana.vn/san-pham/tui-xach-nu-dep-hang-hieu-ddore-2189--2189--3146,http://image.kacana.vn/images/product/tui-xach-nu-dep-hang-hieu-ddore-2189-1514954432.jpg,"Túi xách nữ đẹp hàng hiệu D.Dore 2189","Túi xách nữ đẹp hàng hiệu D.Dore 2189 kiểu dáng thời trang mang phong cách hàn quốc, chất da cao cấp, mẫu túi xinh hot nhất hiện nay với giá rẻ bất ngờ.",,"490,000 VND"
2190,3145,"Túi xách nữ hàng hiệu Yakou 2190",http://kacana.vn/san-pham/tui-xach-nu-hang-hieu-yakou-2190--2190--3145,http://image.kacana.vn/images/product/tui-xach-nu-hang-hieu-yakou-2190-1515051757.jpg,"Túi xách nữ hàng hiệu Yakou 2190","Túi xách nữ hàng hiệu 2190 từ thương hiệu cao cấp Yakou, kiểu dáng thời trang, phong cách cổ điển, phù hợp các quý cô công sở, hoặc dự tiệc sang trọng.",,"1,100,000 VND"
2193,3146,"Túi xách nữ hàng hiệu đẹp Yakou 2193",http://kacana.vn/san-pham/tui-xach-nu-hang-hieu-dep-yakou-2193--2193--3146,http://image.kacana.vn/images/product/tui-xach-nu-hang-hieu-dep-yakou-2193-1515069362.jpg,"Túi xách nữ hàng hiệu đẹp Yakou 2193","Túi xách nữ hàng hiệu đẹp Yakou 2193 thời trang cổ điển, sang trọng, phù hợp nơi công sở hay đến các sự kiện cần sự nổi bật.",,"1,100,000 VND"
2194,3145,"Túi xách nữ hàng hiệu sọc chữ V Yakou 2194",http://kacana.vn/san-pham/tui-xach-nu-hang-hieu-soc-chu-v-yakou-2194--2194--3145,http://image.kacana.vn/images/product/tui-xach-nu-hang-hieu-soc-chu-v-yakou-2194-1515210248.jpg,"Túi xách nữ hàng hiệu sọc chữ V Yakou 2194","Túi xách nữ hàng hiệu Yakou 2194 thời trang Âu Mỹ cao cấp, thiết kế từ xu hướng sọc chữ V, kiểu dáng đẹp và bắt mắt, điểm nhấn ngũ kim sang trọng.",,"1,100,000 VND"
2195,3146,"Túi xách nữ đẹp Flower 2195",http://kacana.vn/san-pham/tui-xach-nu-dep-flower-2195--2195--3146,http://image.kacana.vn/images/product/tui-xach-nu-dep-flower-2195-1515209097.jpg,"Túi xách nữ đẹp Flower 2195","Túi xách nữ đẹp Flower 2195 hàng hiệu giá rẻ, kiểu dáng thời trang hàn quốc, chất lượng cao cấp, là sản phẩm cho bạn nữ công sở, đi chơi du lịch đều được.",,"390,000 VND"
2196,3038,"Túi xách mini đeo chéo nữ thời trang hàn quốc đẹp giá rẻ DDore 2196",http://kacana.vn/san-pham/tui-xach-mini-deo-cheo-nu-thoi-trang-han-quoc-dep-gia-re-ddore-2196--2196--3038,http://image.kacana.vn/images/product/tui-xach-nu-dep-gia-re-ddore-2196-1516319215.jpg,"Túi xách mini đeo chéo nữ thời trang hàn quốc đẹp giá rẻ DDore 2196","Túi xách nữ mini giá rẻ D.Dore 2196 kiểu dáng kelly đẹp, thời trang hàn quốc, mang lại cho bạn gái sự tự tin đến bất kỳ nơi đâu. Giỏ xách được gia công tỉ mỉ, cẩn thận trên từng đường nét, tạo phom chuẩn dáng cho chiếc túi.",,"490,000 VND"
2197,2853,"Túi xách đeo chéo messenger nữ khoá hình chữ nhật đứng DDore 2197",http://kacana.vn/san-pham/tui-xach-deo-cheo-messenger-nu-khoa-hinh-chu-nhat-dung-ddore-2197--2197--2853,http://image.kacana.vn/images/product/tui-xach-deo-cheo-messenger-nu-khoa-hinh-chu-nhat-dung-ddore-2197-1516774029.jpg,"Túi xách đeo chéo messenger nữ khoá hình chữ nhật đứng DDore 2197","Túi xách đeo chéo messenger nữ khoá hình chữ nhật đứng DDore 2197 là mẫu túi messenger nữ chất da cao cấp, túi đeo chéo cá tính và thời trang. Túi nữ với điểm nhấn khoá hình chữ nhật đứng nổi bật và thời trang.",,"490,000 VND"
2198,3269,"Túi xách nữ dạng hộp vuông hai quai đeo thời trang DDore 2198",http://kacana.vn/san-pham/tui-xach-nu-dang-hop-vuong-hai-quai-deo-thoi-trang-ddore-2198--2198--3269,http://image.kacana.vn/images/product/tui-xach-nu-dang-hop-vuong-hai-quai-deo-thoi-trang-ddore-2198-1516830619.jpg,"Túi xách nữ dạng hộp vuông hai quai đeo thời trang DDore 2198","Túi xách nữ DDore 2198 dạng túi hộp hình vuông cổ điển và thời trang, túi có hai quai đeo khác nhau. Dây bản nhỏ có thể điều chỉnh được độ dài ngắn tuỳ theo vóc dáng. Hoặc bạn đeo vai với dây bản lớn rất cá tính.",,"490,000 VND"
2199,3080,"Ví da nữ dự tiệc cầm tay sang trọng bản lớn cao cấp DAN 2199",http://kacana.vn/san-pham/vi-da-nu-du-tiec-cam-tay-sang-trong-ban-lon-cao-cap-dan-2199--2199--3080,http://image.kacana.vn/images/product/vi-da-nu-du-tiec-cam-tay-sang-trong-ban-lon-cao-cap-dan-2199-1516836917.jpg,"Ví da nữ dự tiệc cầm tay sang trọng bản lớn cao cấp DAN 2199","Ví nữ dự tiệc DAN 2199 thiết kế sang trọng, chất da bò cao cấp, cầm tay bản lớn rất tiện dụng, bạn có thể sử dụng dây quai túi xách nếu thấy cần thiết. Toàn bộ da túi được dập vân cá sấu thời trang, tạo nét quý phái và nổi bật cho bạn gái.",,"1,200,000 VND"
2200,688,"Ví ngang  gấp 3 hiệu",http://kacana.vn/san-pham/vi-ngang-gap-3-hieu--2200--688,http://image.kacana.vn/images/product/vi-ngang-da-bo-cho-nam-gap-3-dep-hang-hieu-cao-cap-tucano-2210-1517007164.jpg,"Ví ngang  gấp 3 hiệu","Thiết kế đến từ hàng hiệu chính hãng Tucano 2200, đây là mẫu ví ngang cho nam với kiểu dáng gấp 3 đẹp, chất da bò cao cấp. Ví da nam cao cấp, gia công tỉ mỉ, hoàn hảo trên từng đường nét. Sản phẩm được gợi ý để tặng quà sinh nhật cho người yêu hay sếp nam của bạn.",,"1,200,000 VND"
2201,,,http://kacana.vn/san-pham/--2201--,http://image.kacana.vn/images/product/tui-xach-da-de-nu-hang-hieu-gia-re-chinh-hang-edison-michael-2217-2256-1517124369.jpg,,,,"1,190,000 VND"
